D,Lane,Sample,Sample_Ref,Index,Descriptor,Control_lane,Recipe,Operator,Project
,7,A,1,ATCACG,;;,,,bouchi@salk.edu,Bennett
,7,B,2,CGATGT,;;,,,bouchi@salk.edu,Bennett
,7,C,3,TTAGGC,;;,,,bouchi@salk.edu,Bennett
,7,D,4,TGACCA,;;,,,bouchi@salk.edu,Bennett
,7,E,5,ACAGTG,;;,,,bouchi@salk.edu,Bennett
,7,F,6,GCCAAT,;;,,,bouchi@salk.edu,Bennett
,7,G,7,CAGATC,;;,,,bouchi@salk.edu,Bennett
,7,H,8,ACTTGA,;;,,,bouchi@salk.edu,Bennett
,7,I,9,GATCAG,;;,,,bouchi@salk.edu,Bennett
,7,J,10,TAGCTT,;;,,,bouchi@salk.edu,Bennett
,7,K,11,GGCTAC,;;,,,bouchi@salk.edu,Bennett
,7,L,12,CTTGTA,;;,,,bouchi@salk.edu,Bennett
,7,M,13,AGTCAA,;;,,,bouchi@salk.edu,Bennett
,7,N,14,AGTTCC,;;,,,bouchi@salk.edu,Bennett
,7,O,15,ATGTCA,;;,,,bouchi@salk.edu,Bennett
,7,P,16,CCGTCC,;;,,,bouchi@salk.edu,Bennett
,8,DAP_DBD_ARF16,1,ATCACG,bt;thumper-e2;dip,,,abartlett@salk.edu,DAP
,8,DAP_DBD_HMGA,2,CGATGT,bt;thumper-e2;dip,,,abartlett@salk.edu,DAP
,8,DAP_DBD_ARF18,3,TTAGGC,bt;thumper-e2;dip,,,abartlett@salk.edu,DAP
,8,DAP_DBD_ARF3,4,TGACCA,bt;thumper-e2;dip,,,abartlett@salk.edu,DAP
,8,DAP_DBD_ARF2,5,ACAGTG,bt;thumper-e2;dip,,,abartlett@salk.edu,DAP
,8,DAP_DBD_ARF5,6,GCCAAT,bt;thumper-e2;dip,,,abartlett@salk.edu,DAP
,8,DAP_DBD_ARF17,7,CAGATC,bt;thumper-e2;dip,,,abartlett@salk.edu,DAP
,8,DAP_DBD_ARF22,8,ACTTGA,bt;thumper-e2;dip,,,abartlett@salk.edu,DAP
,8,DAP_DBD_LEC2,9,GATCAG,bt;thumper-e2;dip,,,abartlett@salk.edu,DAP
,8,DAP_DBD_ABI3,10,TAGCTT,bt;thumper-e2;dip,,,abartlett@salk.edu,DAP
