Date,Name,Email,TruSeq_Adapter_#,Project_Name,Sample_Name,Sequence,Notes,Bowtie (Optional),MySQL Host (Optional),MySQl Database (Optional),Run,Lane,Server_Location,Run Name
120412,Rosa,,B6,,100bp_HangAd_T4NEB,GCCAAT,,,,,121206_Hal_1218,8,data_3,
120412,Rosa,,B8,,100bp_HangAd_T4Pro,ACTTGA,,,,,121206_Hal_1218,8,data_3,
120412,Rosa,,27,,100bp_TruSeq_Meth,ATTCCT,,,,,121206_Hal_1218,8,data_3,
,Joe,,25,,PCR no mC,ACTGAT,,,,,121206_Hal_1218,8,data_3,
,,,,,,,,,,,,,,
,LIANG,,1 - 4,,ML_pool_tiol18_112712,,,,,,121210_Jonas_2133,8,data_2,
120712,Bennett,,5,,S,ACAGTG,,,,,121210_Jonas_2133,8,data_2,
120712,Bennett,,6,,T,GCCAAT,,,,,121210_Jonas_2133,8,data_2,
120712,Bennett,,7,,U,CAGATC,,,,,121210_Jonas_2133,8,data_2,
120712,Bennett,,8,,V,ACTTGA,,,,,121210_Jonas_2133,8,data_2,
120712,Bennett,,9,,W,GATCAG,,,,,121210_Jonas_2133,8,data_2,
120712,Bennett,,10,,X,TAGCTT,,,,,121210_Jonas_2133,8,data_2,
120712,Bennett,,11,,Y,GGCTAC,,,,,121210_Jonas_2133,8,data_2,
120712,Bennett,,12,,Z,CTTGTA,,,,,121210_Jonas_2133,8,data_2,
,,,,,,,,,,,,,,
121112,Bennett,bouchi@salk.edu,1,Bennett,A,ATCACG,,,,,121213_Lamarck_3139,7,data_1,
121112,Bennett,bouchi@salk.edu,2,Bennett,B,CGATGT,,,,,121213_Lamarck_3139,7,data_1,
121112,Bennett,bouchi@salk.edu,3,Bennett,C,TTAGGC,,,,,121213_Lamarck_3139,7,data_1,
121112,Bennett,bouchi@salk.edu,4,Bennett,D,TGACCA,,,,,121213_Lamarck_3139,7,data_1,
121112,Bennett,bouchi@salk.edu,5,Bennett,E,ACAGTG,,,,,121213_Lamarck_3139,7,data_1,
121112,Bennett,bouchi@salk.edu,6,Bennett,F,GCCAAT,,,,,121213_Lamarck_3139,7,data_1,
121112,Bennett,bouchi@salk.edu,7,Bennett,G,CAGATC,,,,,121213_Lamarck_3139,7,data_1,
121112,Bennett,bouchi@salk.edu,8,Bennett,H,ACTTGA,,,,,121213_Lamarck_3139,7,data_1,
121112,Bennett,bouchi@salk.edu,9,Bennett,I,GATCAG,,,,,121213_Lamarck_3139,7,data_1,
121112,Bennett,bouchi@salk.edu,10,Bennett,J,TAGCTT,,,,,121213_Lamarck_3139,7,data_1,
121112,Bennett,bouchi@salk.edu,11,Bennett,K,GGCTAC,,,,,121213_Lamarck_3139,7,data_1,
121112,Bennett,bouchi@salk.edu,12,Bennett,L,CTTGTA,,,,,121213_Lamarck_3139,7,data_1,
121112,Bennett,bouchi@salk.edu,13,Bennett,M,AGTCAA,,,,,121213_Lamarck_3139,7,data_1,
121112,Bennett,bouchi@salk.edu,14,Bennett,N,AGTTCC,,,,,121213_Lamarck_3139,7,data_1,
121112,Bennett,bouchi@salk.edu,15,Bennett,O,ATGTCA,,,,,121213_Lamarck_3139,7,data_1,
121112,Bennett,bouchi@salk.edu,16,Bennett,P,CCGTCC,,,,,121213_Lamarck_3139,7,data_1,
,,,,,,,,,,,,,,
112912,Anna,abartlett@salk.edu,1,DAP,DAP_DBD_ARF16,ATCACG,,bt,thumper-e2,dip,121213_Lamarck_3139,8,data_1,
112912,Anna,abartlett@salk.edu,2,DAP,DAP_DBD_HMGA,CGATGT,,bt,thumper-e2,dip,121213_Lamarck_3139,8,data_1,
112912,Anna,abartlett@salk.edu,3,DAP,DAP_DBD_ARF18,TTAGGC,,bt,thumper-e2,dip,121213_Lamarck_3139,8,data_1,
112912,Anna,abartlett@salk.edu,4,DAP,DAP_DBD_ARF3,TGACCA,,bt,thumper-e2,dip,121213_Lamarck_3139,8,data_1,
112912,Anna,abartlett@salk.edu,5,DAP,DAP_DBD_ARF2,ACAGTG,,bt,thumper-e2,dip,121213_Lamarck_3139,8,data_1,
112912,Anna,abartlett@salk.edu,6,DAP,DAP_DBD_ARF5,GCCAAT,,bt,thumper-e2,dip,121213_Lamarck_3139,8,data_1,
112912,Anna,abartlett@salk.edu,7,DAP,DAP_DBD_ARF17,CAGATC,,bt,thumper-e2,dip,121213_Lamarck_3139,8,data_1,
112912,Anna,abartlett@salk.edu,8,DAP,DAP_DBD_ARF22,ACTTGA,,bt,thumper-e2,dip,121213_Lamarck_3139,8,data_1,
112912,Anna,abartlett@salk.edu,9,DAP,DAP_DBD_LEC2,GATCAG,,bt,thumper-e2,dip,121213_Lamarck_3139,8,data_1,
112912,Anna,abartlett@salk.edu,10,DAP,DAP_DBD_ABI3,TAGCTT,,bt,thumper-e2,dip,121213_Lamarck_3139,8,data_1,
,,,,,,,,,,,,,,
112912,Anna,abartlett@salk.edu,11,DAP,DAP_DBD_ARF11,GGCTAC,,bt,thumper-e2,dip,121211_Jonas_2134,8,Data_2,
112912,Anna,abartlett@salk.edu,12,DAP,DAP_DBD_ARF17b,CTTGTA,,bt,thumper-e2,dip,121211_Jonas_2134,8,Data_2,
112912,Anna,abartlett@salk.edu,13,DAP,DAP_DBD_ARF2b,AGTCAA,,bt,thumper-e2,dip,121211_Jonas_2134,8,Data_2,
112912,Anna,abartlett@salk.edu,14,DAP,DAP_DBD_At1g51120,AGTTCC,,bt,thumper-e2,dip,121211_Jonas_2134,8,Data_2,
112912,Anna,abartlett@salk.edu,15,DAP,DAP_DBD_ARF9,ATGTCA,,bt,thumper-e2,dip,121211_Jonas_2134,8,Data_2,
112912,Anna,abartlett@salk.edu,16,DAP,DAP_DBD_ARF8,CCGTCC,,bt,thumper-e2,dip,121211_Jonas_2134,8,Data_2,
112912,Anna,abartlett@salk.edu,18,DAP,DAP_DBD_EDF3,GTCCGC,,bt,thumper-e2,dip,121211_Jonas_2134,8,Data_2,
112912,Anna,abartlett@salk.edu,19,DAP,DAP_DBD_ARF17c,GTGAAA,,bt,thumper-e2,dip,121211_Jonas_2134,8,Data_2,
112912,Anna,abartlett@salk.edu,20,DAP,DAP_DBD_ARF6,GTGGCC,,bt,thumper-e2,dip,121211_Jonas_2134,8,Data_2,
112912,Anna,abartlett@salk.edu,25,DAP,Dap_PCRed_2,ACTGAT,,bt,thumper-e2,dip,121211_Jonas_2134,8,Data_2,
,,,,,,,,,,,,,,
121212,Anna,abartlett@salk.edu,1,DAP,DAP_ESE3,CGTGAT,RC INDEX,bt,thumper-e2,dip,121222_Jonas_2136,6,Data_4,
121212,Anna,abartlett@salk.edu,2,DAP,DAP_HAT4,ACATCG,RC INDEX,bt,thumper-e2,dip,121222_Jonas_2136,6,Data_4,
121212,Anna,abartlett@salk.edu,3,DAP,DAP_ANAC089 ,GCCTAA,RC INDEX,bt,thumper-e2,dip,121222_Jonas_2136,6,Data_4,
121212,Anna,abartlett@salk.edu,4,DAP,DAP_ZFP8,TGGTCA,RC INDEX,bt,thumper-e2,dip,121222_Jonas_2136,6,Data_4,
121212,Anna,abartlett@salk.edu,5,DAP,DAP_HSFC1,CACTGT,RC INDEX,bt,thumper-e2,dip,121222_Jonas_2136,6,Data_4,
121212,Anna,abartlett@salk.edu,6,DAP,DAP_ATERF#011,ATTGGC,RC INDEX,bt,thumper-e2,dip,121222_Jonas_2136,6,Data_4,
121212,Anna,abartlett@salk.edu,7,DAP,DAP_BZR1,GATCTG,RC INDEX,bt,thumper-e2,dip,121222_Jonas_2136,6,Data_4,
121212,Anna,abartlett@salk.edu,9,DAP,DAP_WRKY18 ,GATCAG,RC INDEX,bt,thumper-e2,dip,121222_Jonas_2136,6,Data_4,
121212,Anna,abartlett@salk.edu,10,DAP,DAP_ERF1,AAGCTA,RC INDEX,bt,thumper-e2,dip,121222_Jonas_2136,6,Data_4,
121212,Anna,abartlett@salk.edu,11,DAP,DAP_ANAC083 ,GTAGCC,RC INDEX,bt,thumper-e2,dip,121222_Jonas_2136,6,Data_4,
121212,Anna,abartlett@salk.edu,12,DAP,DAP_CDF1,TACAAG,RC INDEX,bt,thumper-e2,dip,121222_Jonas_2136,6,Data_4,
121212,Anna,abartlett@salk.edu,13,DAP,DAP_TCP4,TTGACT,RC INDEX,bt,thumper-e2,dip,121222_Jonas_2136,6,Data_4,
121212,Anna,abartlett@salk.edu,14,DAP,DAP_TGA5,GGAACT,RC INDEX,bt,thumper-e2,dip,121222_Jonas_2136,6,Data_4,
112912,Anna,abartlett@salk.edu,21,DAP,V7_PosCtrl_DAP,GGACGG,RC INDEX,bt,thumper-e2,dip,121222_Jonas_2136,6,Data_4,
,,,,,,,,,,,,,,
121212,Anna,abartlett@salk.edu,8,DAP,DAP_AtBHLH137,TCAAGT,RC INDEX,bt,thumper-e2,dip,121222_Jonas_2136,7,Data_4,
121212,Anna,abartlett@salk.edu,15,DAP,DAP_MYB12,TGACAT,RC INDEX,bt,thumper-e2,dip,121222_Jonas_2136,7,Data_4,
121212,Anna,abartlett@salk.edu,16,DAP,DAP_ARF2,GGACGG,RC INDEX,bt,thumper-e2,dip,121222_Jonas_2136,7,Data_4,
121212,Anna,abartlett@salk.edu,18,DAP,DAP_AZF1,GCGGAC,RC INDEX,bt,thumper-e2,dip,121222_Jonas_2136,7,Data_4,
121212,Anna,abartlett@salk.edu,19,DAP,DAP_MYC2,TTTCAC,RC INDEX,bt,thumper-e2,dip,121222_Jonas_2136,7,Data_4,
121212,Anna,abartlett@salk.edu,20,DAP,DAP_ARR10  ,GGCCAC,RC INDEX,bt,thumper-e2,dip,121222_Jonas_2136,7,Data_4,
121212,Anna,abartlett@salk.edu,21,DAP,DAP_WRKY60,CGAAAC,RC INDEX,bt,thumper-e2,dip,121222_Jonas_2136,7,Data_4,
121212,Anna,abartlett@salk.edu,1,DAP,DAP_TMO6,CGTGAT,RC INDEX,bt,thumper-e2,dip,121222_Jonas_2136,7,Data_4,
121212,Anna,abartlett@salk.edu,2,DAP,DAP_WRKY17,ACATCG,RC INDEX,bt,thumper-e2,dip,121222_Jonas_2136,7,Data_4,
121212,Anna,abartlett@salk.edu,3,DAP,DAP_DREB2B,GCCTAA,RC INDEX,bt,thumper-e2,dip,121222_Jonas_2136,7,Data_4,
121212,Anna,abartlett@salk.edu,4,DAP,DAP_OCP3,TGGTCA,RC INDEX,bt,thumper-e2,dip,121222_Jonas_2136,7,Data_4,
121212,Anna,abartlett@salk.edu,5,DAP,DAP_ANAC059,CACTGT,RC INDEX,bt,thumper-e2,dip,121222_Jonas_2136,7,Data_4,
121212,Anna,abartlett@salk.edu,6,DAP,DAP_VND7,ATTGGC,RC INDEX,bt,thumper-e2,dip,121222_Jonas_2136,7,Data_4,
,,,,,,,,,,,,,,
122112,Bennett,bouchi@salk.edu,1,Bennett,P032E,CGTGAT,RC INDEX,,,,121222_Jonas_2136,8,Data_4,
122112,Bennett,bouchi@salk.edu,2,Bennett,P032F,ACATCG,RC INDEX,,,,121222_Jonas_2136,8,Data_4,
122112,Bennett,bouchi@salk.edu,3,Bennett,P032G,GCCTAA,RC INDEX,,,,121222_Jonas_2136,8,Data_4,
122112,Bennett,bouchi@salk.edu,4,Bennett,P032H,TGGTCA,RC INDEX,,,,121222_Jonas_2136,8,Data_4,
122112,Bennett,bouchi@salk.edu,7,Bennett,H,GATCTG,RC INDEX,,,,121222_Jonas_2136,8,Data_4,
122112,Bennett,bouchi@salk.edu,8,Bennett,I,TCAAGT,RC INDEX,,,,121222_Jonas_2136,8,Data_4,
122112,Bennett,bouchi@salk.edu,9,Bennett,J,GATCAG,RC INDEX,,,,121222_Jonas_2136,8,Data_4,
122112,Bennett,bouchi@salk.edu,10,Bennett,K,AAGCTA,RC INDEX,,,,121222_Jonas_2136,8,Data_4,
122112,Bennett,bouchi@salk.edu,13,Bennett,L,TTGACT,RC INDEX,,,,121222_Jonas_2136,8,Data_4,
122112,Bennett,bouchi@salk.edu,14,Bennett,M,GGAACT,RC INDEX,,,,121222_Jonas_2136,8,Data_4,
122112,Bennett,bouchi@salk.edu,15,Bennett,N,TGACAT,RC INDEX,,,,121222_Jonas_2136,8,Data_4,
122112,Bennett,bouchi@salk.edu,16,Bennett,O,GGACGG,RC INDEX,,,,121222_Jonas_2136,8,Data_4,
,,,,,,,,,,,,,,
121212,Rosa,castanon@salk.edu,tDNA_Ad1,TDNA,Cesar`s_5ml#1_NEB,,,bt,,,121222_Jonas_2136,6,Data_4,
121212,Rosa,castanon@salk.edu,tDNA_Ad2,TDNA,PSP53_NEB,,,bt,,,121222_Jonas_2136,6,Data_4,
121212,Rosa,castanon@salk.edu,tDNA_Ad3,TDNA,Cesar`s_5ml#1_Pro,,,bt,,,121222_Jonas_2136,6,Data_4,
121212,Rosa,castanon@salk.edu,tDNA_Ad4,TDNA,PSP53_Pro,,,bt,,,121222_Jonas_2136,6,Data_4,
122112,Rosa,castanon@salk.edu,tDNA_Ad1/InBC9,TDNA,PSP53_InBC9-119,,,bt,,,121222_Jonas_2136,7,Data_4,
122112,Rosa,castanon@salk.edu,tDNA_Ad2/InBC10,TDNA,PSP53_InBC10-119,,,bt,,,121222_Jonas_2136,7,Data_4,
122112,Rosa,castanon@salk.edu,tDNA_Ad3/InBC11,TDNA,PSP53_InBC11-119,,,bt,,,121222_Jonas_2136,7,Data_4,
122112,Rosa,castanon@salk.edu,tDNA_Ad4/InBC13,TDNA,PSP53_InBC13-125,,,bt,,,121222_Jonas_2136,7,Data_4,
122112,Rosa,castanon@salk.edu,tDNA_Ad5/InBC14,TDNA,PSP53_InBC14-175,,,bt,,,121222_Jonas_2136,7,Data_4,
,,,,,,,,,,,,,,
,Liang,,6//12,,,,,,,,121222_Jonas_2136,8,Data_4,